[
  {
    "id": 1,
    "question": "Как связаться с поддержкой?",
    "answer": "Вы можете создать заявку через этого бота, написав /new или нажав кнопку 'Создать заявку'",
    "category": "general",
    "usage_count": 0,
    "created_at": "2025-12-23T20:09:45.852747"
  },
  {
    "id": 2,
    "question": "Сколько времени занимает ответ?",
    "answer": "Обычно мы отвечаем в течение 1-2 рабочих часов. В нерабочее время ответ может занять до 24 часов.",
    "category": "general",
    "usage_count": 1,
    "created_at": "2025-12-23T20:09:45.868591"
  },
  {
    "id": 3,
    "question": "Как отменить заявку?",
    "answer": "Напишите /cancel или используйте кнопку 'Отменить заявку' в меню",
    "category": "general",
    "usage_count": 0,
    "created_at": "2025-12-23T20:09:45.868639"
  },
  {
    "id": 4,
    "question": "Где посмотреть статус заявки?",
    "answer": "Используйте команду /my_tickets для просмотра всех ваших заявок",
    "category": "general",
    "usage_count": 0,
    "created_at": "2025-12-23T20:09:45.868666"
  }
]