[
  {
    "id": 1,
    "user_id": 6303684573,
    "action": "start",
    "timestamp": "2025-12-23T20:10:14.581369"
  },
  {
    "id": 2,
    "user_id": 6303684573,
    "action": "start",
    "timestamp": "2025-12-23T20:10:46.299008"
  },
  {
    "id": 3,
    "user_id": 6303684573,
    "action": "admin_panel",
    "timestamp": "2025-12-23T20:10:52.850057"
  },
  {
    "id": 4,
    "user_id": 6303684573,
    "action": "start",
    "timestamp": "2025-12-23T20:12:13.675138"
  },
  {
    "id": 5,
    "user_id": 5314799337,
    "action": "start",
    "timestamp": "2025-12-23T20:12:34.664991"
  },
  {
    "id": 6,
    "user_id": 5314799337,
    "action": "faq_viewed",
    "timestamp": "2025-12-23T20:12:49.322131"
  },
  {
    "id": 7,
    "user_id": 5314799337,
    "action": "faq_used:2",
    "timestamp": "2025-12-23T20:12:57.062202"
  },
  {
    "id": 8,
    "user_id": 5314799337,
    "action": "faq_helpful:2",
    "timestamp": "2025-12-23T20:12:58.698569"
  }
]